{
  "version": 1,
  "author": "Anonymous maker",
  "editor": "wokwi",
  "parts": [
    { "type": "wokwi-breadboard-mini", "id": "bb1", "top": -251, "left": -184.8, "attrs": {} },
    { "type": "wokwi-arduino-uno", "id": "uno", "top": -210.6, "left": 220.2, "attrs": {} },
    { "type": "wokwi-led", "id": "led1", "top": -358.8, "left": -73, "attrs": { "color": "red" } },
    {
      "type": "wokwi-buzzer",
      "id": "bz1",
      "top": 40.8,
      "left": -190.2,
      "attrs": { "volume": "0.1" }
    },
    {
      "type": "wokwi-ntc-temperature-sensor",
      "id": "ntc1",
      "top": -400.6,
      "left": 162.6,
      "attrs": {}
    }
  ],
  "connections": [
    [ "uno:12", "bz1:2", "green", [ "v-38.4", "h182.9", "v307.2" ] ],
    [ "led1:A", "uno:13", "green", [ "v0", "h182.4" ] ],
    [ "bb1:10t.e", "uno:GND.3", "green", [ "v211.2", "h0", "v38.4", "h585.6" ] ],
    [ "bb1:10t.a", "led1:C", "green", [ "v0" ] ],
    [ "bz1:1", "bb1:10t.d", "green", [ "v19.2", "h-144", "v-355.2" ] ],
    [ "bb1:15t.e", "uno:5V", "green", [ "v220.8", "h518.4" ] ],
    [ "ntc1:OUT", "uno:A0", "green", [ "h297.6", "v393.5", "h-163.2" ] ],
    [ "ntc1:VCC", "bb1:15t.d", "red", [ "h86.4", "v-67.2", "h-336", "v28.8" ] ],
    [ "bb1:10t.c", "ntc1:GND", "green", [ "v-288", "h499.2", "v105.6" ] ]
  ],
  "dependencies": {}
}